 ,Western Union - Reconciliation,WestpacAUD,Xero,Voyager,Websign,SAP,360T,360T-TradeImporter,AOA Generator,Appointment Manager,Autobahn,Barx,BNZ PC Banking,CitiDirect,Corporate Product Database,DealControl,Eftpos,EndofDay,EndofMonth,EndofYear,Flo2Cash,Funds Transfer Pricing,GDS Swaps Reporting,Instinct,IVR,Liquidity,MarkitWire,Moodys,Musicida,OnlineCreditCardApp,OnlineHomeLoanApp,Outbound,Prepaid,Propel,PublicInternet,Quantum,Third Party Exports,Travelex,Visa Card Reporting,ValueQ7,Internet Banking,KBMAC,Mobile Banking,Heaps,Lips,Quest,ActivatePL,ActivateBB,ActivateKB,In-Touch,Fixed Rate Break Calculator,CSLinkage,Mobile Top Up,Visa Processing System,International Desktop Application,Ultracs,Treasury Management System,Velocity,Tieback,Base 2000
Business Support:Buildings
Building Maintenance,"","","","","","","","","","","","","","","","","","","","","","","","","","","","","","","","","","","","","","","","","","","","","","","","","","","","","","","","","","","",""
Equipment Administration,"","","","","","","","","","","","","","","","","","","","","","","","","","","","","","","","","","","","","","","","","","","","","","","","","","","","","","","","","","","",""
Equipment Maintenance,"","","","","","","","","","","","","","","","","","","","","","","","","","","","","","","","","","","","","","","","","","","","","","","","","","","","","","","","","","","",""
Property Portfolio,"","","","","","","","","","","","","","","","","","","","","","","","","","","","","","","","","","","","","","","","","","","","","","","","","","","","","","","","","","","",""
Site Administration,"","","","","","","","","","","","","","","","","","","","","","","","","","","","","","","","","","","","","","","","","","","","","","","","","","","","","","","","","","","",""
Site Operations,"","","","","","","","","","","","","","","","","","","","","","","","","","","","","","","","","","","","","","","","","","","","","","","","","","","","","","","","","","","",""
Utilities Administration,"","","","","","","","","","","","","","","","","","","","","","","","","","","","","","","","","","","","","","","","","","","","","","","","","","","","","","","","","","","",""
Business Support:Business Command & Control
Business Unit Accounting,"","","","","","","","","","","","","","","","","","","","","","","","","","","","","","","","","","","","","","","","","","","","","","","","","","","","","","","","","","","",""
Business Unit Budget,"","","","","","","","","","","","","","","","","","","","","","","","","","","","","","","","","","","","","","","","","","","","","","","","","","","","","","","","","","","",""
Business Unit Financial Analysis,"","","","","","","","","","","","","","","","","","","","","","","","","","","","","","","","","","","","","","","","","","","","","","","","","","","","","","","","","","","",""
Business Unit Financial Operations,"","","","","","","","","","","","","","","","","","","","","","","","","","","","","","","","","","","","","","","","","","","","","","","","","","","","","","","","","","","",""
Business Unit Management,"","","","","","","","","","","","","","","","","","","","","","","","","","","","","","","","","","","","","","","","","","","","","","","","","","","","","","","","","","","",""
Business Unit Operations,"","","","","","","","","","","","","","","","","","","","","","","","","","","","","","","","","","","","","","","","","","","","","","","","","","","","","","","","","","","",""
Organizational Model,"","","","","","","","","","","","","","","","","","","","","","","","","","","","","","","","","","","","","","","","","","","","","","","","","","","","","","","","","","","",""
Business Support:Business Direction
Business Architecture,"","","","","","","","","","","","","","","","","","","","","","","","","","","","","","","","","","","","","","","","","","","","","","","","","","","","","","","","","","","",""
Continuity Planning,"","","","","","","","","","","","","","","","","","","","","","","","","","","","","","","","","","","","","","","","","","","","","","","","","","","","","","","","","","","",""
Corporate Policies,"","","","","","","","","","","","","","","","","","","","","","","","","","","","","","","","","","","","","","","","","","","","","","","","","","","","","","","","","","","",""
Corporate Strategy,"","","","","","","","","","","","","","","","","","","","","","","","","","","","","","","","","","","","","","","","","","","","","","","","","","","","","","","","","","","",""
Product & Service Policies,"","","","","","","","","","","","","","","","","","","","","","","","","","","","","","","","","","","","","","","","","","","","","","","","","","","","","","","","","","","",""
Business Support:Corporate Relations
Corporate Alliance/Stake Holder,"","","","","","","","","","","","","","","","","","","","","","","","","","","","","","","","","","","","","","","","","","","","","","","","","","","","","","","","","","","",""
Corporate Communications,"","","","","","","","","","","","","","","","","","","","","","","","","","","","","","","","","","","","","","","","","","","","","","","","","","","","","","","","","","","",""
Corporate Relationship,"","","","","","","","","","","","","","","","","","","","","","","","","","","","","","","","","","","","","","","","","","","","","","","","","","","","","","","","","","","",""
Investor Relations,"","","","","","","","","","","","","","","","","","","","","","","","","","","","","","","","","","","","","","","","","","","","","","","","","","","","","","","","","","","",""
Regulatory & Legal Authority,"","","","","","","","","","","","","","","","","","","","","","","","","","","","","","","","","","","","","","","","","","","","","","","","","","","","","","","","","","","",""
Business Support:Document Management & Archive
Archive Services,"","","","","","","","","","","","","","","","","","","","","","","","","","","","","","","","","","","","","","","","","","","","","","","","","","","","","","","","","","","",""
Correspondence,"","","","","","","","","","","","","","","","","","","","","","","","","","","","","","","","","","","","","","","","","","","","","","","","","","","","","","","","","","","",""
Document Services,"","","","","","","","","","","","","","","","","","","","","","","","","","","","","","","","","","","","","","","","","","","","","","","","","","","","","","","","","","","",""
Business Support:Finance
Financial Compliance Resolution,"","","","","","","","","","","","","","","","","","","","","","","","","","","","","","","","","","","","","","","","","","","","","","","","","","","","","","","","","","","",""
Financial Control,"","","","","","","","","","","","","","","","","","","","","","","","","","","","","","","","","","","","","","","","","","","","","","","","","","","","","","","","","","","",""
Financial Statements,"","","","","","","","","","","","","","","","","","","","","","","","","","","","","","","","","","","","","","","","","","","","","","","","","","","","","","","","","","","",""
Tax Administration,"","","","","","","","","","","","","","","","","","","","","","","","","","","","","","","","","","","","","","","","","","","","","","","","","","","","","","","","","","","",""
Business Support:Human Resource Management
Employee Access Profile,"","","","","","","","","","","","","","","","","","","","","","","","","","","","","","","","","","","","","","","","","","","","","","","","","","","","","","","","","","","",""
Employee Assessment,"","","","","","","","","","","","","","","","","","","","","","","","","","","","","","","","","","","","","","","","","","","","","","","","","","","","","","","","","","","",""
Employee Assignment,"","","","","","","","","","","","","","","","","","","","","","","","","","","","","","","","","","","","","","","","","","","","","","","","","","","","","","","","","","","",""
Employee Benefits,"","","","","","","","","","","","","","","","","","","","","","","","","","","","","","","","","","","","","","","","","","","","","","","","","","","","","","","","","","","",""
Employee Certification,"","","","","","","","","","","","","","","","","","","","","","","","","","","","","","","","","","","","","","","","","","","","","","","","","","","","","","","","","","","",""
Employee Payroll & Incentives,"","","","","","","","","","","","","","","","","","","","","","","","","","","","","","","","","","","","","","","","","","","","","","","","","","","","","","","","","","","",""
Employee Record,"","","","","","","","","","","","","","","","","","","","","","","","","","","","","","","","","","","","","","","","","","","","","","","","","","","","","","","","","","","",""
Employee/ Contractor Contract,"","","","","","","","","","","","","","","","","","","","","","","","","","","","","","","","","","","","","","","","","","","","","","","","","","","","","","","","","","","",""
HR Policies & Plan,"","","","","","","","","","","","","","","","","","","","","","","","","","","","","","","","","","","","","","","","","","","","","","","","","","","","","","","","","","","",""
Recruitment,"","","","","","","","","","","","","","","","","","","","","","","","","","","","","","","","","","","","","","","","","","","","","","","","","","","","","","","","","","","",""
Travel & Expenses,"","","","","","","","","","","","","","","","","","","","","","","","","","","","","","","","","","","","","","","","","","","","","","","","","","","","","","","","","","","",""
Workforce Training,"","","","","","","","","","","","","","","","","","","","","","","","","","","","","","","","","","","","","","","","","","","","","","","","","","","","","","","","","","","",""
Business Support:IT Management
Development Environment,"","","","","","","","","","","","","","","","","","","","","","","","","","","","","","","","","","","","","","","","","","","","","","","","","","","","","","","","","","","",""
IT Architecture Standards & Guidelines,"","","","","","","","","","","","","","","","","","","","","","","","","","","","","","","","","","","","","","","","","","","","","","","","","","","","","","","","","","","",""
IT Policies & Plan,"","","","","","","","","","","","","","","","","","","","","","","","","","","","","","","","","","","","","","","","","","","","","","","","","","","","","","","","","","","",""
Internal Network Operation,"","","","","","","","","","","","","","","","","","","","","","","","","","","","","","","","","","","","","","","","","","","","","","","","","","","","","","","","","","","",""
Platform Operations,"","","","","","","","","","","","","","","","","","","","","","","","","","","","","","","","","","","","","","","","","","","","","","","","","","","","","","","","","","","",""
Production Release,"","","","","","","","","","","","","","","","","","","","","","","","","","","","","","","","","","","","","","","","","","","","","","","","","","","","","","","","","","","",""
System Deployment,"","","","","","","","","","","","","","","","","","","","","","","","","","","","","","","","","","","","","","","","","","","","","","","","","","","","","","","","","","","",""
System Development,"","","","","","","","","","","","","","","","","","","","","","","","","","","","","","","","","","","","","","","","","","","","","","","","","","","","","","","","","","","",""
Systems Administration,"","","","","","","","","","","","","","","","","","","","","","","","","","","","","","","","","","","","","","","","","","","","","","","","","","","","","","","","","","","",""
Systems Assurance,"","","","","","","","","","","","","","","","","","","","","","","","","","","","","","","","","","","","","","","","","","","","","","","","","","","","","","","","","","","",""
Systems Help Desk,"","","","","","","","","","","","","","","","","","","","","","","","","","","","","","","","","","","","","","","","","","","","","","","","","","","","","","","","","","","",""
Systems Operations,"","","","","","","","","","","","","","","","","","","","","","","","","","","","","","","","","","","","","","","","","","","","","","","","","","","","","","","","","","","",""
Business Support:Knowledge & Intellectual Property  Management
Intellectual Property Portfolio,"","","","","","","","","","","","","","","","","","","","","","","","","","","","","","","","","","","","","","","","","","","","","","","","","","","","","","","","","","","",""
Knowledge Exchange,"","","","","","","","","","","","","","","","","","","","","","","","","","","","","","","","","","","","","","","","","","","","","","","","","","","","","","","","","","","",""
Management Manual,"","","","","","","","","","","","","","","","","","","","","","","","","","","","","","","","","","","","","","","","","","","","","","","","","","","","","","","","","","","",""
Business Support:Non IT & HR Enterprise Services
Company Billing & Payments,"","","","","","","","","","","","","","","","","","","","","","","","","","","","","","","","","","","","","","","","","","","","","","","","","","","","","","","","","","","",""
Fixed Asset Register,"","","","","","","","","","","","","","","","","","","","","","","","","","","","","","","","","","","","","","","","","","","","","","","","","","","","","","","","","","","",""
Internal Audit,"","","","","","","","","","","","","","","","","","","","","","","","","","","","","","","","","","","","","","","","","","","","","","","","","","","","","","","","","","","",""
Legal Assurance,"","","","","","","","","","","","","","","","","","","","","","","","","","","","","","","","","","","","","","","","","","","","","","","","","","","","","","","","","","","",""
Procurement,"","","","","","","","","","","","","","","","","","","","","","","","","","","","","","","","","","","","","","","","","","","","","","","","","","","","","","","","","","","",""
Security Assurance,"","","","","","","","","","","","","","","","","","","","","","","","","","","","","","","","","","","","","","","","","","","","","","","","","","","","","","","","","","","",""
Security Services,"","","","","","","","","","","","","","","","","","","","","","","","","","","","","","","","","","","","","","","","","","","","","","","","","","","","","","","","","","","",""
Supplier Management,"","","","","","","","","","","","","","","","","","","","","","","","","","","","","","","","","","","","","","","","","","","","","","","","","","","","","","","","","","","",""
Operations & Execution Consumer Products:Cards
Card Authorization,"","","","","","","","","","","","","","","","","","","","","","","","","","","","","","","","","","","","","","","","","","","","","","","","","","","",X,X,X,"","","","","",X
Card Billing & Payments,"","","","","","","","","","","","","","","","","","","","","","","","","","","","","","","","","","","","","","","","","","","","","","","","","","","",X,"",X,"","","","","",X
Card Capture,"","","","","","","","","","","","","","","","","","","","","","","","","","","","","","","","","","","","","","","","","","","","","","","","","","","",X,X,X,"","","","","",X
Card Facility,"","","","","","","","","","","","","","","","","","","","","","","","","","","","","","","","","","","","","","","","",X,X,"","","","","","","",X,"",X,"",X,"","","","","",X
Merchant Relations,"","","","","","","","","","","","","","","","","","","","","","","","","","","","","","","","","","","","","","","","","","","","","","","","","","","","","","","","","","","",""
Operations & Execution Consumer Products:Consumer Services
Bank Drafts & Travelers Checks,"","","","","","","","","","","","","","","","","","","","","","","","","","","","","","","","","","","","","",X,"","","","","","","","","","","","","","","","",X,"","","","",""
Brokered Product,"","","","","","","","","","","","","","","","","","","","","","","","","","","","","","","","","","","","","","","","","","","","","","","","","","","","","","","","","","","",""
Consumer Investments,"","","","","","","","","","","","","","","","","","","","","","","","","","","","","","","","","","","","","","","","","","","","","","","","","","","","","","","","","","","",""
Consumer Tax Handling,"","","","","","","","","","","","","","","","","","","","","","","","","","","","","","","","","","","","","","","","","","","","","","","","","","","","","","",X,"","","","",""
Currency Exchange,"","","",X,"","","","","","","","","","","","","","","","","","","","","","","","","","","","","","","","","",X,"","","","","","","","","","","","","","","","",X,"","","","",""
Remittance Services,"","","",X,"","","","","","","","","","","","","","","","","","","","","","","","","","","","","","","","","","","","","","","","","","","","","","","","","","",X,"","","","",""
Trust Services,"","","","","","","","","","","","","","","","","","","","","","","","","","","","","","","","","","","","","","","","","","","","","","","","","","","","","","","","","","","",""
Operations & Execution Consumer Products:Customer Insurance
Claims Management,"","","","","","","","","","","","","","","","","","","","","","","","","","","","","","","","","","","","","","","",X,"","","","","","","","","","","","","","","","","","","",""
Policy Administration,"","","","","","","","","","","","","","","","","","","","","","","","","","","","","","","","","","","","","","","",X,"","","","",X,X,"","","","","","","","","","","","","",""
Operations & Execution Consumer Products:Customer Loans & Deposits
Current Account,"","","","","","","","","","","","","","","","","","","","","","","","","","","","","","","","","","","","","","","","",X,X,"","","","","","","",X,"","","","","",X,"","","",""
Deposit Account,"","","","","","","","","","","","","","","","","","","","","","","","","","","","","","","","","","","","","","","","",X,X,"","","","","","","",X,"","","","","",X,"","","",""
Leasing,"","","","","","","","","","","","","","","","","","","","","","","","","","","","","","","","","","","","","","","","","","","","","","","","","","","","","","","","","","","",""
Loan,"","","","","","","","","","","","","","","","","","","","","","","","","","","",X,"","","","","",X,"","","","","","","","","","","","",X,X,X,"",X,"","","","","","","","",X
Operations & Execution Corporate Products:Corporate Banking Products
Cash Management & Account Services,"","","","","","","","","","","","","","","","","","","","","","","","","","","","","","","","","","","","","","","","","","","","","","","","","","","","","","","",X,"","","",""
Cheque Lock Box,"","","","","","","","","","","","","","","","","","","","","","","","","","","","","","","","","","","","","","","","","","","","","","","","","","","","","","","","","","","",""
Corporate Current Account,"","","","","","","","","","","","","","","","","","","","","","","","","","","","","","","","","","","","","","","","",X,"","","","","","","","",X,"","","","","",X,"","","",""
Credit Facility,"","","","","","","","","","","","","","","","","","","","","","","","","","","","","","","","","","","","","","","","","","","","","","","",X,"","","","","","","","","","","",""
Credit Management,"","","","","","","","","","","","","","","","","","","","","","","","","","","",X,"","","","","","","","","","","","","","","","","","",X,X,X,"","","","","","","","","","",""
Direct Debit Fulfillment,"","","","","","","","","","","","","","","","","","","","","","","","","","","","","","","","","","","","","","","","","","","","","","","","","",X,"","","","","",X,"","","",""
Direct Debit Mandate Management,"","","","","","","","","","","","","","","","","","","","","","","","","","","","","","","","","","","","","","","","","","","","","","","","","",X,"","","","","",X,"","","",""
Factoring,"","","","","","","","","","","","","","","","","","","","","","","","","","","","","","","","","","","","","","","","","","","","","","","","","","","","","","","","","","","",""
Limit & Exposure Management,"","","","","","","","","","","","","","","","","","","","","","","","","","","","","","","","","","","","","","","","","","","","","","","",X,"","","","","","","","","","","",""
Project Finance Services,"","","","","","","","","","","","","","","","","","","","","","","","","","","","","","","","","","","","","","","","","","","","","","","","","","","","","","","","","","","",""
Syndicated Loan,"","","","","","","","","","","","","","","","","","","","","","","","","","","","","","","","","","","","","","","","","","","","","","","","","","","","","","","","","","","",""
Operations & Execution Corporate Products:Corporate Financing and Advisory Services
Corporate Finance Services,"","","","","","","","","","","","","","","","","","","","","","","","","","","","","","","","","","","","","","","","","","","","","","","","","","","","","","","","","","","",""
Corporate Tax Advisory Services,"","","","","","","","","","","","","","","","","","","","","","","","","","","","","","","","","","","","","","","","","","","","","","","","","","","","","","","","","","","",""
M&A Advisory Services,"","","","","","","","","","","","","","","","","","","","","","","","","","","","","","","","","","","","","","","","","","","","","","","","","","","","","","","","","","","",""
Private Placement,"","","","","","","","","","","","","","","","","","","","","","","","","","","","","","","","","","","","","","","","","","","","","","","","","","","","","","","","","","","",""
Public Offering,"","","","","","","","","","","","","","","","","","","","","","","","","","","","","","","","","","","","","","","","","","","","","","","","","","","","","","","","","","","",""
Operations & Execution Corporate Products:Trade Finance
Bank Guarantee,"","","","","","","","","","","","","","","","","","","","","","","","","","","","","","","","","","","","","","","","","","","","","","","","","","","","","","","","","","","",""
Letter of Credit,"","","","","","","","","","","","","","","","","","","","","","","","","","","","","","","","","","","","","","","","","","","","","","","","","","","","","","","","","","","",""
Trade Finance Services,"","","","","","","","","","","","","","","","","","","","","","","","","","",X,"","","","","","","","","","","","","","","","","","","","","","","","","","","","","","","","",""
Operations & Execution Cross Product Operations:Account Management
Account Reconciliation,"","","","","","","","","","","","","","","","","","","","","","","","","","","","","","","","","","","","","","","","","","","","","","","","","","","","","","","","","","","",""
Accounts Receivable,"","","","","","","","","","","","","","","","","","","","","","","","","","","","","","","","","","","","","","","","","","","","","","","","","","","","","","","","","","","",""
Counterparty Risk,"","","","","","","","","","","","","","","","","","","","","","","","","","","","","","","","","","","","","","","","","","","","","","","","","","","","","","","","","","","",""
Fraud Detection,"","","","","","","","","","","","","","","","","","","","","","","","","","","","","","","","","","","","","","","","","","","","","","","","","","","","","","","","","","","",""
Position Keeping,"","","","","","","","","","","","","","","","","","","","","","","","","","","","","","","","","","","","","","","","","","","","","","","","","","","","","","","","","","","",""
Position Management,"","","","","","","","","","","","","","","","","","","","","","","","","","","","","","","","","","","","","","","","","","","","","","","","","","","","","","","","","","","",""
Reward Points Account,"","","","","","","","","","","","","","","","","","","","","","","","","","","","","","","","","","","","","","","","","","","","","","","","","","","","","","","","","","","",""
Transaction Engine,"","","","","","","","","","","","","","","","","","","","","","","","","","","","","","","","","","","","","","","","","","","","","","","","","","","","","","","","","","","",""
Operations & Execution Cross Product Operations:Collateral Administration
Collateral Asset Administration,"","","","","","","","","","","","","","","","","","","","","","","","","","","","","","","","","","","","","","","","","","","","","","","","","","","","","","","","","","","",""
Collateral Management,"","","","","","","","","","","","","","","","","","","","","","","","","","","","","","","","","","","","","","","","","","","","","","","","","","","","","","","","","","","",""
Collections,"","","","","","","","","","","","","","","","","","","","","","","","","","","","","","","","","","","","","","","","","","","","","","","","","","","","","","","","","","","",""
Operations & Execution Cross Product Operations:Operational Services
Billing Services,"","","","","","","","","","","","","","","","","","","","","","","","","","","","","","","","","","","","","","","","","","","","","","","","","","","","","","","","","","","",""
Consolidated Customer Activity,"","","","","","","","","","","","","","","","","","","","","","","","","","","","","","","","","","","","","","","","","","","","","","","","","","","","","","","","","","","",""
Disbursement,"","","","","","","","","","","","","","","","","","","","","","","","","","","","","","","","","","","","","","","","","","","","","","","","","","","","","","","","","","","",""
Dunning,"","","","","","","","","","","","","","","","","","","","","","","","","","","","","","","","","","","","","","","","","","","","","","","","","","","","","","","","","","","",""
Leasing Item Administration,"","","","","","","","","","","","","","","","","","","","","","","","","","","","","","","","","","","","","","","","","","","","","","","","","","","","","","","","","","","",""
Open Item Management,"","","","","","","","","","","","","","","","","","","","","","","","","","","","","","","","","","","","","","","","","","","","","","","","","","","","","","","","","","","",""
Rewards Points Administration,"","","","","","","","","","","","","","","","","","","","","","","","","","","","","","","","","","","","","","","","","","","","","","","","","","","","","","","","","","","",""
Token Inventory,"","","","","","","","","","","","","","","","","","","","","","","","","","","","","","","","","","","","","","","","","","","","","","","","","","","","","","","","","","","",""
Token Tracking,"","","","","","","","","","","","","","","","","","","","","","","","","","","","","","","","","","","","","","","","","","","","","","","","","","","","","","","","","","",X,""
Operations & Execution Cross Product Operations:Payments
Central Cash Holding,"","","","","","","","","","","","","","","","","","","","","","","","","","","","","","","","","","","","","","","","","","","","","","","","","","","","","","","","","","","",""
Cheque Processing,"","","","","","","","","","","","","","","","","","","","","","","","","","","","","","","","","","","","","","","","","",X,"","","","","","","",X,"","","","","","","","","",""
Correspondent Bank Fulfillment,"","","","","","","","","","","","","","","","","","","","","","","","","","","","","","","","","","","","","","","","","","","","","","","","","","","","","","","","","","","",""
Financial Message Analysis,X,"","","","","","","","","","","","","","","","","","","",X,"","","","","","","","","","","","","","","","","","","","","","","","","","","","","","","","","","","","","","",""
Financial Message Gateway,"","","",X,"","","","","","","","","","","","","","","","",X,"","","","","","","","","","","","","","","","","","","","","","","","","","","","","","","","","","","","","","",""
Payments Execution,"","","",X,"","","","","","","","",X,X,"","","","","","",X,"","","","","","","",X,"","","","","","","",X,"","","",X,X,X,"","","","","","",X,"","","","","","","","","",""
Operations & Execution Financial Markets:Investment Management
Investment Portfolio Analysis,"","","","","","","","","","","","","","","","","","","","","","","","","","","","","","","","","","","","","","","","","","","","","","","","","","","","","","","","","","","",""
Investment Portfolio Management,"","","","","","","","","","","","","","","","","","","","","","","","","","","","","","","","","","","","","","","","","","","","","","","","","","","","","","","","","","","",""
Investment Portfolio Planning,"","","","","","","","","","","","","","","","","","","","","","","","","","","","","","","","","","","","","","","","","","","","","","","","","","","","","","","","","","","",""
eTrading Workbench,"","","","","","","","","","","","","","","","","","","","","","","","","","","","","","","","","","","","","","","","","","","","","","","","","","","","","","","","","","","",""
Operations & Execution Financial Markets:Market Operations
Corporate Event Handling,"","","","","","","","","","","","","","","","","","","","","","","","","","","","","","","","","","","","","","","","","","","","","","","","","","","","","","","","","","","",""
Custody Administration,"","","","","","","","","","","","","","","","","","","","","","","","","","","","","","","","","","","","","","","","","","","","","","","","","","","","","","","","","","","",""
Delivery & Receipt Management,"","","","","","","","","","","","","","","","","","","","","","","","","","","","","","","","","","","","","","","","","","","","","","","","","","","","","","","","","","","",""
Financial Instrument Valuation,"","","","","","","","","","","","","","","","","","","","","","","","","","","","","","","","","","","","","","","","","","","","","","","","","","","","","","","","","","","",""
Hedge Fund Administration,"","","","","","","","","","","","","","","","","","","","","","","","","","","","","","","","","","","","","","","","","","","","","","","","","","","","","","","","","","","",""
Mutual Fund Administration,"","","","","","","","","","","","","","","","","","","","","","","","","","","","","","","","","","","","","","","","","","","","","","","","","","","","","","","","","","","",""
Order Allocation,"","","","","","","","","","","","","","","","","","","","","","","","","","","","","","","","","","","","","","","","","","","","","","","","","","","","","","","","","","","",""
Securities Fails Processing,"","","","","","","","","","","","","","","","","","","","","","","","","","","","","","","","","","","","","","","","","","","","","","","","","","","","","","","","","","","",""
Settlement Obligation Management,"","","","","","","","","","","","","","","","","","","","","","","","","","","","","","","","","","","","","","","","","","","","","","","","","","","","","","","","","","","",""
Trade Confirmation Matching,"","","","","","","","","","","","","","","","","","","","","","","","","","","","","","","","","","","","","","","","","","","","","","","","","","","","","","","","","","","",""
Trade/Price Reporting,"","","","","","","","","","","","","","","","","","","","","","","","","","","","","","","","","","","","","","","","","","","","","","","","","","","","","","","","","","","",""
Unit Trust Administration,"","","","","","","","","","","","","","","","","","","","","","","","","","","","","","","","","","","","","","","","","","","","","","","","","","","","","","","","","","","",""
Operations & Execution Financial Markets:Wholesale Trading
Assisted Trading - DELETED,"","","","","","","","","","","","","","","","","","","","","","","","","","","","","","","","","","","","","","","","","","","","","","","","","","","","","","","","","","","",""
Credit Risk Operations,"","","","","","","","","","","","","","","","","","","","","","","","","","","","","","","","","","","","","","","","","","","","","","","","","","","","","","","","","","","",""
Dealer Workbench,"","","","","","","","","","","","","","","","","","","","","","","","","","","","","","","","","","","","","","","","","","","","","","","","","","","","","","","","","","","",""
ECM/DCM,"","","","","","","","","","","","","","","","","","","","","","","","","","","","","","","","","","","","","","","","","","","","","","","","","","","","","","","","","","","",""
Market Making,"","","","","","","","","","","","","","","","","","","","","","","","","","","","","","","","","","","","","","","","","","","","","","","","","","","","","","","","","","","",""
Order Execution,"","","","","","","","","","","","","","","","","","","","","","","","","","",X,"","","","","","","","","","","","","","","","","","","","","","","","","","","","","","","","",""
Order Management,"","","","","","","","","","","","","","","","","","","","","","","","","","",X,"","","","","","","","","","","","","","","","","","","","","","","","","","","","","","","","",""
Program Trading,"","","","","","","","","","","","","","","","","","","","","","","","","","","","","","","","","","","","","","","","","","","","","","","","","","","","","","","","","","","",""
Quote Management,"","","","","","","","","","","","","","","","","","","","","","","","","","","","","","","","","","","","","","","","","","","","","","","","","","","","","","","","","","","",""
Suitability Checking,"","","","","","","","","","","","","","","","","","","","","","","","","","","","","","","","","","","","","","","","","","","","","","","","","","","","","","","","","","","",""
Trade Management,"","","","","","","","","","","","","","","","","","","","","","","","","","",X,"","","","","","","","","","","","","","","","","","","","","","","","","","","","","","","","",""
Trading Book Oversight,"","","","","","","","","","","","","","","","","","","","","","","","","","","","","","","","","","","","","","","","","","","","","","","","","","","","","","","","","","","",""
Trading Model Management,"","","","","","","","","","","","","","","","","","","","","","","","","","","","","","","","","","","","","","","","","","","","","","","","","","","","","","","","","","","",""
Reference Data:External Agency
Contractor/ Supplier Agreement,"","","","","","","","","","","","","","","","","","","","","","","","","","","","","","","","","","","","","","","","","","","","","","","","","","","","","","","","","","","",""
Correspondent Bank Data Management,"","","","","","","","","","","","","","","","","","","","","","","","","","","","","","","","","","","","","","","","","","","","","","","","","","","","","","","","","","","",""
Correspondent Bank Relationship Management,"","","","","","","","","","","","","","","","","","","","","","","","","","","","","","","","","","","","","","","","","","","","","","","","","","","","","","","","","","","",""
Information Provider Administration,"","","","","","","","","","","","","","","","","","","","","","","","","","","","","","","","","","","","","","","","","","","","","","","","","","","","","","","","","","","",""
Interbank Relationship Management,"","","","","","","","","","","","","","","","","","","","","","","","","","","","","","","","","","","","","","","","","","","","","","","","","","","","","","","","","","","",""
Product Broker Agreement,"","","","","","","","","","","","","","","","","","","","","","","","","","","","","","","","","","","","","","","","","","","","","","","","","","","","","","","","","","","",""
Product Service Agency,"","","","","","","","","","","","","","","","","","","","","","","","","","","","","","","","","","","","","","","","","","","","","","","","","","","","","","","","","","","",""
Sub Custodian Agreement,"","","","","","","","","","","","","","","","","","","","","","","","","","","","","","","","","","","","","","","","","","","","","","","","","","","","","","","","","","","",""
Syndicate Management,"","","","","","","","","","","","","","","","","","","","","","","","","","","","","","","","","","","","","","","","","","","","","","","","","","","","","","","","","","","",""
Reference Data:Market Data
Counterparty Administration,"","","","","","","","","","","","","","","","","","","","","","","","","","","","","","","","","","","","","","","","","","","","","","","","","","","","","","","","","","","",""
Financial Instrument Reference Data Management,"","","","","","","","","","","","","","","","","","","","","","","","","","","","","","","","","","","","","","","","","","","","","","","","","","","","","","","","","","","",""
Financial Market Analysis,"","","","","","","","","","","","","","","","","","","","","","","","","","","","","","","","","","","","","","","","","","","","","","","","","","","","","","","","","","","",""
Financial Market Research,"","","","","","","","","","","","","","","","","","","","","","","","","","","","","","","","","","","","","","","","","","","","","","","","","","","","","","","","","","","",""
Information Provider Operation,"","","","","","","","","","","","","","","","","","","","","","","","","","","","","","","","","","","","","","","","","","","","","","","","","","","","","","","","","","","",""
Location Data Management,"","","","","","","","","","","","","","","","","","","","","","","","","","","","","","","","","","","","","","","","","","","","","","","","","","","","","","","","","","","",""
Market Data Dissemination Administration,"","","","","","","","","","","","","","","","","","","","","","","","","","","","","","","","","","","","","","","","","","","","","","","","","","","","","","","","","","","",""
Market Data Dissemination Operation,"","","","","","","","","","","","","","","","","","","","","","","","","","","","","","","","","","","","","","","","","","","","","","","","","","","","","","","","","","","",""
Market Information Management,"","","","","","","","","","","","","","","","","","","","","","","","","","","","","","","","","","","","","","","","","","","","","","","","","","","","","","","","","","","",""
Quantitative Analysis,"","","","","","","","","","","","","","","","","","","","","","","","","","","","","","","","","","","","","","","","","","","","","","","","","","","","","","","","","","","",""
Reference/Directory Management,"","","","","","","","","","","","","","","","","","","","","","","","","","","","","","","","","","","","","","","","","","","","","","","","","","","","","","","","","","","",""
Reference Data:Party
Party Data Management,"","","","","","","","","","","","","","","","","","","","","","","",X,"","","","","","","","","","","","",X,"","",X,X,X,X,X,X,X,X,X,X,X,"","","","",X,"","","","",X
Party Profile,"","","","","","","","","","","","","","","","","","","","","","","",X,"","","","","","","","","","","","",X,"","",X,X,X,X,X,X,X,X,X,X,X,"","","","",X,"","","","",X
Reference Data:Product Management
Product Combination,"","","","","","","","","","","","","","","","","","","","","","","","","","","","","","","","","","","","","","","",X,"","","","","","","","","","","","","","","",X,"","","",""
Product Deployment,"","","","","","","","","","","","","","",X,"","","","","","","","","","","","","","","","","","","","","","","","",X,"","","","","","","","","","","","","","","",X,"","","",""
Product Design,"","","","","","","","","","","","","","",X,"","","","","","","","","","","","","","","","","","","","","","","","",X,"","","","","","","","","","","","","","","","","","","",""
Product Pricing Facility,"","","","","","","","","","","","","","",X,"","","","","","","","","","","","","","","","","","","","","","","","","","","","","","","","","","","","","","","","","","","","",""
Product Quality Assurance,"","","","","","","","","","","","","","","","","","","","","","","","","","","","","","","","","","","","","","","","","","","","","","","","","","","","","","","","","","","",""
Product Training,"","","","","","","","","","","","","","","","","","","","","","","","","","","","","","","","","","","","","","","","","","","","","","","","","","","","","","","","","","","",""
Risk & Compliance:Bank Portfolio & Treasury
Asset & Liability Management,"","","","","","","","","","","","","","","","","","","","","","","","","","","","","","","","","","","","","","","","","","","","","","","","","","","","","","","","",X,X,"",""
Asset Securitization,"","","","","","","","","","","","","","","","","","","","","","","","","","","","","","","","","","","","","","","","","","","","","","","","","","","","","","","","",X,X,"",""
Bank Portfolio Administration,"","","","","","","","","","","","","","","","","","","","","","","","","","","","","","","","","","","","","","","","","","","","","","","","","","","","","","","","",X,X,"",""
Bank Portfolio Analysis,"","","","","","","","","","","","","","","","","","","","","","","","","",X,"","","","","","","","","","","","","","","","","","","","","","","","","","","","","","",X,X,"",""
Stock Lending/Repos,"","","","","","","","","","","","","","","","","","","","","","","","","","","","","","","","","","","","","","","","","","","","","","","","","","","","","","","","",X,X,"",""
Treasury Administration,"","","","","","","","","","","","","",X,"","","","","","","","","","","",X,"","","","","","","","","","","","","","","","","","","","","","","","","","","","","","",X,X,"",""
Treasury Management,"","","","","","","","","","",X,X,"",X,"","","","","","","","","","","",X,"","","","","","","","","","","","","","","","","","","","","","","","","","","","","","",X,X,"",""
Risk & Compliance:Business Analysis
Branch Portfolio,"","","","","","","","","","","","","","","","","","","","","","","","","","","","","","","","","","","","","","","","","","","","","","","","","","","","","","","","","","","",""
Channel Portfolio,"","","","","","","","","","","","","","","","","","","","","","","","","","","","","","","","","","","","","","","","","","","","","","","","","","","","","","","","","","","",""
Competitor Analysis,"","","","","","","","","","","","","","","","","","","","","","","","","","","","","","","","","","","","","","","","","","","","","","","","","","","","","","","","","","","",""
Contribution Analysis,"","","","","","","","","","","","","","","","","","","","","","","","","","","","","","","","","","","","","","","","","","","","","","","","","","","","","","","","","","","",""
Customer Portfolio,"","","","","","","","","","","","","","","","","","","","","","","","","","","","","","","","","","","","","","",X,"","","","","","","","","","","","","","","","","","","","",""
Market Analysis,"","","","","","","","","","","","","","","","","","","","","","","","","","","","","","","","","","","","","","","","","","","","","","","","","","","","","","","","","","","",""
Market Research,"","","","","","","","","","","","","","","","","","","","","","","","","","","","","","","","","","","","","","","","","","","","","","","","","","","","","","","","","","","",""
Product Portfolio,"","","","","","","","","","","","","","","","","","","","","","","","","","","","","","","","","","","","","","",X,"","","","","","","","","","","","","","","","","","","","",""
Segment Plan,"","","","","","","","","","","","","","","","","","","","","","","","","","","","","","","","","","","","","","","","","","","","","","","","","","","","","","","","","","","",""
Risk & Compliance:Models
Business Risk Models,"","","","","","","","","","","","","","","","","","","","","","","","","","","","","","","","","","","","","","","","","","","","","","","","","","","","","","","","","","","",""
Contribution Models,"","","","","","","","","","","","","","","","","","","","","","","","","","","","","","","","","","","","","","","","","","","","","","","","","","","","","","","","","","","",""
Credit Risk Models,"","","","","","","","","","","","","","","","","","","","","","",X,"","","","",X,"","","","","","","","","","","","","","","","","","","","","","","","","","","","","","","",""
Credit/Margin Policies,"","","","","","","","","","","","","","","","","","","","","","","","","","","","","","","","","","","","","","","","","","","","","","","","","","","","","","","","","","","",""
Customer Behavior Models,"","","","","","","","","","","","","","","","","","","","","","","","","","","","","","","","","","","","","","","","","","","","","","","","","","","","","","","","","","","",""
Economic Capital,"","","","","","","","","","","","","","","","","","","","","","","","","","","","","","","","","","","","","","","","","","","","","","","","","","","","","","","","","","","",""
Financial Instrument Valuation Models,"","","","","","","","","","","","","","","","","","","","","","","","","","","","","","","","","","","","","","","","","","","","","","","","","","","","","","","","","","","",""
Fraud Models,"","","","","","","","","","","","","","","","","","","","","","","","","","","","","","","","","","","","","","","","","","","","","","","","","","","","","","","","","","","",""
Gap Analysis,"","","","","","","","","","","","","","","","","","","","","","","","","","","","","","","","","","","","","","","","","","","","","","","","","","","","","","","","","","","",""
Liquidity Risk Models,"","","","","","","","","","","","","","","","","","","","","","","","","","","","","","","","","","","","","","","","","","","","","","","","","","","","","","","","","","","",""
Market Risk Models,"","","","","","","","","","","","","","","","","","","","","","","","","","","","","","","","","","","","","","","","","","","","","","","","","","","","","","","","","","","",""
Operational Risk Models,"","","","","","","","","","","","","","","","","","","","","","","","","","","","","","","","","","","","","","","","","","","","","","","","","","","","","","","","","","","",""
Production Risk Models,"","","","","","","","","","","","","","","","","","","","","","","","","","","","","","","","","","","","","","","","","","","","","","","","","","","","","","","","","","","",""
Risk & Compliance:Regulations & Compliance
Compliance Reporting,"","","","","","","","","","","","","","","","","","","","","","","","","","","","","","","","","","","","","","","","","","","","","","","","","","","","","","","","","","","",""
Financial Accounting,"","","","","","","","","","","","","","","","","","","","","","","","","","","","","","","","","","","","","","","","","","","","","","","","","","","","","","","","","","","",""
Fraud/AML Resolution,"","","","","","","","","","","","","","","","","","","","","","","",X,"","","","","","","","","","","","","","","","","","","","","","","","","","","","","","","","","","",X,""
Guideline Compliance,"","","","","","","","","","","","","","","","","","","","","","","","","","","","","","","","","","","","","","","","","","","","","","","","","","","","","","","","","","","",""
Regulatory Compliance,"","","","","","","","","","","","","","","","","","","","","","","","","","","","","","","","","","","","","","","","","","","","","","","","","","","","","","","","","","","",""
Regulatory Reporting,"","","","","","","","","","","","","","","","","","","","","","","","","","","","","","","","","","","","","","","","","","","","","","","","","","","","","","","","","","","",""
Sales & Services:Channel Specific
ATM Network Management,"","","","","","","","","","","","","","","","","","","","","","","","","","","","","","","","","","","","","","","","","","","","","","","","","","","","","","","","","","","",""
ATM Network Operations,"","","","","","","","","","","","","","","","","","","","","","","","","","","","","","","","","","","","","","","","","","","","","","","","","","","","","","","","","","","",""
Advanced Voice Services Management,"","","","","","","","","","","","","","","","","","","","","","","","",X,"","","","","","","","","","","","","","","","","","","","","","","","","","","","","","","","","","",""
Advanced Voice Services Operations,"","","","","","","","","","","","","","","","","","","","","","","","",X,"","","","","","","","","","","","","","","","","","","","","","","","","","","","","","","","","","",""
Branch Currency Distribution,"","","","","","","","","","","","","","","","","","","","","","","","","","","","","","","","","","","","","","","","","","","","","","","","","","","","","","","","","","","",""
Branch Currency Management,"","","","","","","","","","","","","","","","","","","","","","","","","","","","","","","","","","","","","","","","","","","","","","","","","","","","","","","","","","","",""
Branch Location Management,"","","","","","","","","","","","","","","","","","","","","","","","","","","","","","","","","","","","","","","","","","","","","","","","","","","","","","","","","","","",""
Branch Location Operations,"","","","","","","","","","","","","","","","","","","","","","","","","","","","","","","","","","","","","","","","","","","","","","","","","","","","","","","","","","","",""
Branch Network Management,"","","","","","","","","","","","","","","","","","","","","","","","","","","","","","","","","","","","","","","","","","","","","","","","","","","","","","","","","","","",""
Call Center Management,"","","","","","","","","","","","","","","","","","","","","","","","","","","","","","","","","","","","","","","","","","","","","","","","","","","","","","","","","","","",""
Call Center Operations,"","","","","","","","","","","","","","","","","","","","","","","","","","","","","","","","","","","","","","","","","","","","","","","","","","","","","","","","","","","",""
E-Branch Management,"","","","","","","","","","","","","","","","","","","","","","","","","","","","","","","","","","","","","","","","","","","","","","","","","","","","","","","","","","","",""
E-Branch Operations,"","","","","","","","","","","","","","","","","","","","","","","","","","","","","","","","","","","","","","","","","","","","","","","","","","","","","","","","","","","",""
Product Inventory Distribution,"","","","","","","","","","","","","","","","","","","","","","","","","","","","","","","","","","","","","","","","","","","","","","","","","","","","","","","","","","","",""
Product Inventory Item Management,"","","","","","","","","","","","","","","","","","","","","","","","","","","","","","","","","","","","","","","","","","","","","","","","","","","","","","","","","","","",""
Sales & Services:Cross Channel
Contact Dialogue,"","","","","","","","","","","","","","","","","","","","","","","","","","","","","","","","","","","","","","","","",X,X,X,"","",X,"","","",X,"","","","","","","","","",""
Contact Routing,"","","","","","","","","","","","","","","","","","","","","","","","","","","","","","","","","","","","","","","","","","","","","","","","","","","","","","","","","","","",""
Interactive Help,"","","","","","","","","","","","","","","","","","","","","","","","","","","","","","","","","","","","","","","","",X,X,X,X,"",X,"","","",X,"","",X,"","","","","","",""
Party Authentication,"","","","","","","","","","","","","","","","","","","","","","","","",X,"","","","","","","","","","","","","","","",X,X,X,X,"","","","","",X,"","","","","","","","","",""
Servicing Activity Analysis,"","","","","","","","","","","","","","","","","","","","","","","","","","","","","","","","","","","","","","","","","","","","","","","","","","","","","","","","","","","",""
Servicing Event History,"","","","","","","","","","","","","","","","","","","","","","","","","","","","","","","","","","","","","","","","","","","","","","","","","",X,"","","","","","","","","",""
Servicing Position (to be renamed to Point of Service in later release),"","","","","","","","","","","","","","","","","","","","","","","","","","","","","","","","","","","","","","","","","","","","","","","","","","","","","","","","","","","",""
Transaction Authorization,"","","","","","","","","","","","","","","","","","","","","","","","",X,"","","","","","","","","","","","","","","",X,X,X,X,"","","","","",X,"","","","","","","","","",""
Sales & Services:Customer Management
Account Recovery,"","","","","","","","","","","","","","","","","","","","","","","","","","","","","","","","","","","","","","","","","","","","","","","","","","","","","","","","","","","",""
Customer Access Entitlement,"","","","","","","","","","","","","","","","","","","","","","","","","","","","","","","","","","","","","","","","",X,X,"","","","","","","",X,"","","","","","","","","",""
Customer Agreement,"","","","","","","","",X,"","","","","","","","","","","","","","","","","","","","","","","","",X,"","","","","","","","","","","","",X,X,X,X,"","","","","","","","","",X
Customer Behavioral Insights,"","","","","","","","","","","","","","","","","","","","","","","","","","","","","","","","","","","","","","","","","","","","","","","","","","","","","","","","","","","",""
Customer Credit Rating,"","","","","","","","","","","","","","","","","","","","","","","","","","","","","","","","","","","","","","","","","","","","","","","",X,"","","","","","","","","","","",""
Customer Eligibility Profile,"","","","","","","","","","","","","","","","","","","","","","","","","","","","","","","","","","","","","","","","",X,"","","","","",X,X,X,X,"","","","","","","","","",X
Customer Event History,"","","","","","","","","","","","","","","","","","","","","","","","","","","","","","","","","","","","","","","","","","","","","","",X,X,X,X,"","","","","","","","","",""
Customer Relationship Management,"","","","","","","","","",X,"","","","","","","","","","","","","","","","","","","","","","","","","","","","","","",X,"","","","","",X,X,X,X,"","","","","","","","","",X
Sales Product Agreement,"","","","","","","","","","","","","","","","","","","","","","","","","","","","","","","","","",X,"","","","","","","","","","","","",X,X,X,X,"","","","","","","","","",X
Sales & Services:Marketing
Advertising,"","","","","","","","","","","","","","","","","","","","","","","","","","","","","","","","","","","","","","","","","","","","","","","","","","","","","","","","","","","",""
Brand Management,"","","","","","","","","","","","","","","","","","","","","","","","","","","","","","","","","","","","","","","","","","","","","","","","","","","","","","","","","","","",""
Business Development,"","","","","","","","","","","","","","","","","","","","","","","","","","","","","","","","","","","","","","","","","","","","","","","","","","","","","","","","","","","",""
Business Development Policies,"","","","","","","","","","","","","","","","","","","","","","","","","","","","","","","","","","","","","","","","","","","","","","","","","","","","","","","","","","","",""
Customer Campaign Design,"","","","","","","","","","","","","","","","","","","","","","","","","","","","","","","","","","","","","","","","","","","","","","","","","","","","","","","","","","","",""
Customer Campaign Management,"","","","","","","","","","","","","","","","","","","","","","","","","","","","","","","","","","","","","","","","","","","","","","","","","","","","","","","","","","","",""
Customer Surveys,"","","","","","","","","","","","","","","","","","","","","","","","","","","","","","","","","","","","","","","","","","","","","","","","","","","","","","","","","","","",""
Promotional Events,"","","","","","","","","","","","","","","","","","","","","","","","","","","","","","","","","","","","","","","","","","","","","","","","","","","","","","","","","","","",""
Prospect Campaign Design,"","","","","","","","","","","","","","","","","","","","","","","","","","","","","","","","","","","","","","","","","","","","","","","","","","","","","","","","","","","",""
Prospect Campaign Management,"","","","","","","","","","","","","","","","","","","","","","","","","","","","","","","","","","","","","","","","","","","","","","","","","","","","","","","","","","","",""
Sales & Services:Sales
Commission Agreement,"","","","","","","","","","","","","","","","","","","","","","","","","","","","","","","","","","","","","","","","","","","","","","","","","","","","","","","","","","","",""
Commission Transaction,"","","","","","","","","","","","","","","","","","","","","","","","","","","","","","","","","","","","","","","","","","","","","","","","","","","","","","","","","","","",""
Customer Campaign Execution,"","","","","","","","","","","","","","","","","","","","","","","","","","","","","","","","","","","","","","","","","","","","","","","","","","","","","","","","","","","",""
Lead/Opportunity Management,"","","","","","","","","",X,"","","","","","","","","","","","","","","","","","","","","","","","","","","","","","",X,"","",X,"",X,X,X,X,X,"","","","","","","","","",""
Offer Management,"","","","","","","","","","","","","","","","","","","","","","","","","","","","","","","","","","","","","","","",X,X,X,X,"",X,X,X,X,X,X,"","","","","","","","","",""
Product Expert Sales Support,"","","","","","","","","","","","","","","","","","","","","","","","","","","","","","","","","","","","","","","","","","","","","","","","","","","","","","","","","","","",""
Product Matching,"","","","","","","","","","","","","","","","","","","","","","","","","","","","","","","","","","","","","","","",X,X,"","","",X,X,"","","",X,"","","","","","","","","",""
Prospect Campaign Execution,"","","","","","","","","","","","","","","","","","","","","","","","","","","","","","","","","","","","","","","","","","","","","","","","","","","","","","","","","","","",""
Prospect Management,"","","","","","","","","",X,"","","","","","","","","","","","","","","","","","","","","","","","","","","","","",X,"","","",X,X,X,X,X,X,X,"","","","","","","","","",""
Sales Planning,"","","","","","","","","","","","","","","","","","","","","","","","","","","","","","","","","","","","","","","","","","","","","","","","","","","","","","","","","","","",""
Sales Product,"","","","","","","","","","","","","","","","","","","","","","","","","","","","","","","","","","","","","","","",X,X,X,X,"",X,X,X,X,X,X,"","","","","","","","","",""
Specialist Resources,"","","","","","","","","","","","","","","","","","","","","","","","","","","","","","","","","","","","","","","",X,"","","","",X,X,X,X,X,X,"","","","","","","","","",""
Underwriting,"","","","","","","","","","","","","","","","","","","","","","","","","","","","","","","","","","","","","","","","","","","","","","","",X,"","","","","","","","","","","",""
Sales & Services:Servicing
Card Case,"","","","","","","","","","","","","","","","","","","","","","","","","","","","","","","","","","","","","","","","","","","","","","","","","","","","","","","","","","",X,""
Case Management,"","","","","","","","","","","","","","","","","","","","","","","","","","","","","","","","","","","","","","","","","","","","","","","","","","","","","","","","","","",X,""
Case Resolution Analysis,"","","","","","","","","","","","","","","","","","","","","","","","","","","","","","","","","","","","","","","","","","","","","","","","","","","","","","","","","","","",""
Customer Case,"","","","","","","","","","","","","","","","","","","","","","","","","","","","","","","","","","","","","","","","","","","","","","","","","","","","","","","","","","",X,""
Customer Order,"","","","","","","","","","","","","","","","","","","","","","","","","","","","","","","","","","","","","","","","",X,X,X,"","","","","","",X,"","",X,"","","","","","",""
Payment Order,"","","","","","","","","","","","","","","","","","","","","","","","","","","","","","","","","","","","","","","","",X,X,X,"","","","","","",X,"","",X,"","","","","","",""
Servicing Issue,"","","","","","","","","","","","","","","","","","","","","","","","","","","","","","","","","","","","","","","","","","","","","","","","","",X,"","","","","","","","","",""
